<ImportExportXml version="9.1.15.32" SolutionPackageVersion="9.1" languagecode="1033" generatedBy="OnPremise" xmlns:xsi="http://www.w3.org/2001/XMLSchema-instance">
  <SolutionManifest>
    <UniqueName>LunaTechSupport</UniqueName>
    <LocalizedNames>
      <LocalizedName description="پشتیبانی لوناتک" languagecode="1033" />
    </LocalizedNames>
    <Descriptions>
      <Description description="این ماژول مخصوص پشتیبانی تیم لوناتک طراحی شده است." languagecode="1033" />
    </Descriptions>
    <Version>1.1</Version>
    <Managed>1</Managed>
    <Publisher>
      <UniqueName>lunatech</UniqueName>
      <LocalizedNames>
        <LocalizedName description="LunaTech.ir" languagecode="1033" />
      </LocalizedNames>
      <Descriptions>
        <Description description="این پلاگین توسط تیم لوناتک توسعه یافته است." languagecode="1033" />
      </Descriptions>
      <EMailAddress>info@lunagroup.ir</EMailAddress>
      <SupportingWebsiteUrl>https://lunatech.ir</SupportingWebsiteUrl>
      <CustomizationPrefix>new</CustomizationPrefix>
      <CustomizationOptionValuePrefix>10000</CustomizationOptionValuePrefix>
      <Addresses>
        <Address>
          <AddressNumber>1</AddressNumber>
          <AddressTypeCode>1</AddressTypeCode>
          <City xsi:nil="true"></City>
          <County xsi:nil="true"></County>
          <Country xsi:nil="true"></Country>
          <Fax xsi:nil="true"></Fax>
          <FreightTermsCode xsi:nil="true"></FreightTermsCode>
          <ImportSequenceNumber xsi:nil="true"></ImportSequenceNumber>
          <Latitude xsi:nil="true"></Latitude>
          <Line1 xsi:nil="true"></Line1>
          <Line2 xsi:nil="true"></Line2>
          <Line3 xsi:nil="true"></Line3>
          <Longitude xsi:nil="true"></Longitude>
          <Name xsi:nil="true"></Name>
          <PostalCode xsi:nil="true"></PostalCode>
          <PostOfficeBox xsi:nil="true"></PostOfficeBox>
          <PrimaryContactName xsi:nil="true"></PrimaryContactName>
          <ShippingMethodCode>1</ShippingMethodCode>
          <StateOrProvince xsi:nil="true"></StateOrProvince>
          <Telephone1>03191015063</Telephone1>
          <Telephone2 xsi:nil="true"></Telephone2>
          <Telephone3 xsi:nil="true"></Telephone3>
          <TimeZoneRuleVersionNumber xsi:nil="true"></TimeZoneRuleVersionNumber>
          <UPSZone xsi:nil="true"></UPSZone>
          <UTCOffset xsi:nil="true"></UTCOffset>
          <UTCConversionTimeZoneCode xsi:nil="true"></UTCConversionTimeZoneCode>
        </Address>
        <Address>
          <AddressNumber>2</AddressNumber>
          <AddressTypeCode>1</AddressTypeCode>
          <City xsi:nil="true"></City>
          <County xsi:nil="true"></County>
          <Country xsi:nil="true"></Country>
          <Fax xsi:nil="true"></Fax>
          <FreightTermsCode xsi:nil="true"></FreightTermsCode>
          <ImportSequenceNumber xsi:nil="true"></ImportSequenceNumber>
          <Latitude xsi:nil="true"></Latitude>
          <Line1 xsi:nil="true"></Line1>
          <Line2 xsi:nil="true"></Line2>
          <Line3 xsi:nil="true"></Line3>
          <Longitude xsi:nil="true"></Longitude>
          <Name xsi:nil="true"></Name>
          <PostalCode xsi:nil="true"></PostalCode>
          <PostOfficeBox xsi:nil="true"></PostOfficeBox>
          <PrimaryContactName xsi:nil="true"></PrimaryContactName>
          <ShippingMethodCode>1</ShippingMethodCode>
          <StateOrProvince xsi:nil="true"></StateOrProvince>
          <Telephone1 xsi:nil="true"></Telephone1>
          <Telephone2 xsi:nil="true"></Telephone2>
          <Telephone3 xsi:nil="true"></Telephone3>
          <TimeZoneRuleVersionNumber xsi:nil="true"></TimeZoneRuleVersionNumber>
          <UPSZone xsi:nil="true"></UPSZone>
          <UTCOffset xsi:nil="true"></UTCOffset>
          <UTCConversionTimeZoneCode xsi:nil="true"></UTCConversionTimeZoneCode>
        </Address>
      </Addresses>
    </Publisher>
    <RootComponents>
      <RootComponent type="1" schemaName="new_lunatechsupport" behavior="0" />
      <RootComponent type="1" schemaName="new_lunatechsupportprocess" behavior="0" />
      <RootComponent type="20" id="{cbed73ab-1b2e-ef11-bb12-000c29c5c154}" behavior="0" />
      <RootComponent type="20" id="{d8728cd5-1b2e-ef11-bb12-000c29c5c154}" behavior="0" />
      <RootComponent type="29" id="{45c28f74-f583-4281-a085-e9dc64a4e16a}" behavior="0" />
      <RootComponent type="60" id="{60e5f63d-0c2e-ef11-bb12-000c29c5c154}" behavior="0" />
      <RootComponent type="61" schemaName="new_CustomerVoice" behavior="0" />
      <RootComponent type="62" schemaName="new_LunaTechSupport" behavior="0" />
      <RootComponent type="70" id="{3e4b6215-1c2e-ef11-bb12-000c29c5c154}" behavior="0" />
      <RootComponent type="70" id="{b19992f4-1b2e-ef11-bb12-000c29c5c154}" behavior="0" />
      <RootComponent type="80" schemaName="new_LunaTechSupport" behavior="0" />
    </RootComponents>
    <MissingDependencies>
      <MissingDependency>
        <Required key="0" type="66" schemaName="MscrmControls.FlipSwitch.FlipSwitchControl" displayName="MscrmControls.FlipSwitch.FlipSwitchControl" solution="CustomControlsCore (9.1.0015.0032)" />
        <Dependent key="1" type="60" displayName="Information" parentDisplayName="پشتیبانی لوناتک" id="{df553f5c-7e4a-41e5-a61d-f87fa1c549d0}" />
      </MissingDependency>
    </MissingDependencies>
  </SolutionManifest>
</ImportExportXml>